-- phpMyAdmin SQL Dump
-- version 4.1.6
-- http://www.phpmyadmin.net
--
-- Host: 127.0.0.1
-- Generation Time: Sep 02, 2014 at 02:01 PM
-- Server version: 5.6.16
-- PHP Version: 5.5.9

SET SQL_MODE = "NO_AUTO_VALUE_ON_ZERO";
SET time_zone = "+00:00";


/*!40101 SET @OLD_CHARACTER_SET_CLIENT=@@CHARACTER_SET_CLIENT */;
/*!40101 SET @OLD_CHARACTER_SET_RESULTS=@@CHARACTER_SET_RESULTS */;
/*!40101 SET @OLD_COLLATION_CONNECTION=@@COLLATION_CONNECTION */;
/*!40101 SET NAMES utf8 */;

--
-- Database: `lme-translation`
--

-- --------------------------------------------------------

--
-- Table structure for table `supported_locale`
--

CREATE TABLE IF NOT EXISTS `supported_locale` (
  `locale` varchar(5) NOT NULL,
  UNIQUE KEY `locale` (`locale`)
) ENGINE=InnoDB DEFAULT CHARSET=utf8;

--
-- Dumping data for table `supported_locale`
--

INSERT INTO `supported_locale` (`locale`) VALUES
('de_DE'),
('en_US'),
('es_ES'),
('fr_FR'),
('it_IT'),
('nl_NL'),
('pl_PL'),
('ru_RU');

-- --------------------------------------------------------

--
-- Table structure for table `translation`
--

CREATE TABLE IF NOT EXISTS `translation` (
  `id` int(10) unsigned NOT NULL AUTO_INCREMENT,
  `base_id` int(10) unsigned NOT NULL,
  `locale` varchar(5) NOT NULL,
  `current_translation` text,
  `suggested_translation` text,
  `unclear_translation` tinyint(4) NOT NULL DEFAULT '0',
  PRIMARY KEY (`id`),
  KEY `base_id` (`base_id`)
) ENGINE=InnoDB  DEFAULT CHARSET=utf8 AUTO_INCREMENT=284 ;

--
-- Dumping data for table `translation`
--

INSERT INTO `translation` (`id`, `base_id`, `locale`, `current_translation`, `suggested_translation`, `unclear_translation`) VALUES
(1, 1, 'de_DE', 'Block unterhalb der Preise darstellen', NULL, 0),
(2, 2, 'de_DE', 'Steuerinformationen und Link zur Versandkostenseite auf allen Seiten unterhalb der Preise darstellen', NULL, 0),
(3, 3, 'de_DE', 'Lieferzeit auf Produktübersichtsseiten anzeigen', NULL, 0),
(4, 4, 'de_DE', 'CMS-Seite für Versandkosten', NULL, 0),
(5, 5, 'de_DE', 'Zeige "inkl. Versandkosten" statt "zzgl. Versandkosten"', NULL, 0),
(6, 6, 'de_DE', 'Zeige "inkl. Versandkosten" statt "zzgl. Versandkosten"', NULL, 0),
(7, 7, 'de_DE', 'Keine Seite', NULL, 0),
(8, 8, 'de_DE', 'Kein Block', NULL, 0),
(9, 9, 'de_DE', 'Inkl. MwSt.', NULL, 0),
(10, 10, 'de_DE', 'Inkl. %s MwSt.', NULL, 0),
(11, 11, 'de_DE', 'Zzgl. %s MwSt.', NULL, 0),
(12, 12, 'de_DE', 'zzgl. <a href="%s">Versandkosten</a>', NULL, 0),
(13, 13, 'de_DE', 'inkl. <a href="%s">Versandkosten</a>', NULL, 0),
(14, 14, 'de_DE', 'Produktgewicht unterhalb der Preise darstellen', NULL, 0),
(15, 15, 'de_DE', 'Einheit für Produktgewicht', NULL, 0),
(16, 16, 'de_DE', 'z.B. g, kg, lb, ...', NULL, 0),
(17, 17, 'de_DE', 'Versandgewicht %s', NULL, 0),
(18, 18, 'de_DE', 'Wenn Sie (z.B. für mehrere Sprachen) zusätzliche StoreViews anlegen möchten, tun Sie dies bitte, bevor Sie dieses Formular ausfüllen.', NULL, 0),
(19, 19, 'de_DE', 'Installation überspringen', NULL, 0),
(20, 20, 'de_DE', 'MageSetup wurde installiert.', NULL, 0),
(21, 21, 'de_DE', 'Klicken Sie <a href="%s">hier</a>, um CMS-Seiten, Blöcke, E-Mails und Steuer-Einstellungen zu initialisieren.', NULL, 0),
(22, 22, 'de_DE', 'Bitte wählen Sie die gewünschten Setups:', NULL, 0),
(23, 23, 'de_DE', 'MageSetup ausführen', NULL, 0),
(24, 24, 'de_DE', 'Einstellungen in der Systemkonfiguration aktualisieren', NULL, 0),
(25, 25, 'de_DE', 'z.B. Newsletter Bestätigung, Benutzerkonto Bestätigung, ..', NULL, 0),
(26, 26, 'de_DE', 'CMS-Seiten und Statische Blöcke erstellen', NULL, 0),
(27, 27, 'de_DE', 'z.B. Versand, AGB, Widerruf', NULL, 0),
(28, 28, 'de_DE', 'Bestellbedingungen erstellen', NULL, 0),
(29, 29, 'de_DE', 'AGB und Widerrufsbelehrung', NULL, 0),
(30, 30, 'de_DE', 'Checkbox im Frontend anzeigen', NULL, 0),
(31, 31, 'de_DE', 'Pflichtfeld bei Kundenregistrierung und/oder Checkout', NULL, 0),
(32, 32, 'de_DE', 'Sprachpaket für CMS-Seiten/-Blocks/Bestellbedingungen', NULL, 0),
(33, 33, 'de_DE', 'Email-Templates erstellen', NULL, 0),
(34, 34, 'de_DE', 'Deutsche Email-Vorlagen', NULL, 0),
(35, 35, 'de_DE', 'Steuereinstellungen konfigurieren', NULL, 0),
(36, 36, 'de_DE', 'Versand aus Deutschland', NULL, 0),
(37, 37, 'de_DE', 'Alle Steuereinstellungen werden überschrieben!', NULL, 0),
(38, 38, 'de_DE', 'Produktsteuerklassen neu zuweisen', NULL, 0),
(39, 39, 'de_DE', 'Kundensteuerklassen neu zuweisen', NULL, 0),
(40, 40, 'de_DE', 'Alt', NULL, 0),
(41, 41, 'de_DE', 'Neu', NULL, 0),
(42, 42, 'de_DE', 'Keine Steuern', NULL, 0),
(43, 43, 'de_DE', 'Newsletter Abonnenten Status Historie', NULL, 0),
(44, 44, 'de_DE', 'MageSetup: CMS-Blocks und Seiten wurden erfolgreich angelegt.', NULL, 0),
(45, 45, 'de_DE', 'MageSetup: Bestellbedingungen wurden erfolgreich angelegt.', NULL, 0),
(46, 46, 'de_DE', 'MageSetup: Email-Vorlagen wurden erfolgreich angelegt.', NULL, 0),
(47, 47, 'de_DE', 'MageSetup: Steuereinstellungen wurden erfolgreich angelegt.', NULL, 0),
(48, 48, 'de_DE', 'MageSetup: Produktsteuerklassen wurden aktualisiert.', NULL, 0),
(49, 49, 'de_DE', 'MageSetup: Einstellungen in der Systemkonfiguration wurden aktualisiert.', NULL, 0),
(50, 50, 'de_DE', 'Impressum', NULL, 0),
(51, 51, 'de_DE', 'Kontonummer', NULL, 0),
(52, 52, 'de_DE', 'Kontoinhaber', NULL, 0),
(53, 53, 'de_DE', 'BLZ', NULL, 0),
(54, 54, 'de_DE', 'Kreditinstitut', NULL, 0),
(55, 55, 'de_DE', 'Geschäftsführer', NULL, 0),
(56, 56, 'de_DE', 'Inhaber', NULL, 0),
(57, 57, 'de_DE', 'Inhaltlich verantwortlich gemäß § 5 TMG', NULL, 0),
(58, 58, 'de_DE', 'Inhalt. Verantwortlicher', NULL, 0),
(59, 59, 'de_DE', 'Adresse des inhalt. Verantwortlichen', NULL, 0),
(60, 60, 'de_DE', 'Verantwortlich im Sinne des Presserechts (V.i.S.d.P.)', NULL, 0),
(61, 61, 'de_DE', 'E-Mail', NULL, 0),
(62, 62, 'de_DE', 'Fax', NULL, 0),
(63, 63, 'de_DE', 'Finanzamt', NULL, 0),
(64, 64, 'de_DE', 'IBAN', NULL, 0),
(65, 65, 'de_DE', 'Clearing', NULL, 0),
(66, 66, 'de_DE', 'Registergericht', NULL, 0),
(67, 67, 'de_DE', 'Registernummer', NULL, 0),
(68, 68, 'de_DE', 'SWIFT', NULL, 0),
(69, 69, 'de_DE', 'BIC/SWIFT', NULL, 0),
(70, 70, 'de_DE', 'Steuernummer', NULL, 0),
(71, 71, 'de_DE', 'Telefon', NULL, 0),
(72, 72, 'de_DE', 'Zusatzinformation für Telefon', NULL, 0),
(73, 73, 'de_DE', 'Web', NULL, 0),
(74, 74, 'de_DE', 'USt.Id.', NULL, 0),
(75, 75, 'de_DE', 'Unternehmensbezeichnung 1', NULL, 0),
(76, 76, 'de_DE', 'Unternehmensbezeichnung 2', NULL, 0),
(77, 77, 'de_DE', 'Straße', NULL, 0),
(78, 78, 'de_DE', 'PLZ', NULL, 0),
(79, 79, 'de_DE', 'Ort', NULL, 0),
(80, 80, 'de_DE', 'Telefon', NULL, 0),
(81, 81, 'de_DE', 'Steuernummer', NULL, 0),
(82, 82, 'de_DE', 'Zuständiges Finanzamt', NULL, 0),
(83, 83, 'de_DE', 'Verweis auf berufliche Regelungen (z.B. für Ärzte, Apotheker)', NULL, 0),
(84, 84, 'de_DE', 'Behörde gem. ECG (E-Commerce-Gesetz)', NULL, 0),
(85, 85, 'de_DE', 'Beteiligungen', NULL, 0),
(86, 86, 'de_DE', 'Blattlinie', NULL, 0),
(87, 87, 'de_DE', 'relevant für österreichische Shops', NULL, 0),
(88, 88, 'de_DE', 'Kontoinhaber', NULL, 0),
(89, 89, 'de_DE', 'Kontonummer', NULL, 0),
(90, 90, 'de_DE', 'BLZ', NULL, 0),
(91, 91, 'de_DE', 'Kreditinstitut', NULL, 0),
(92, 92, 'de_DE', '%s%%', NULL, 0),
(93, 93, 'de_DE', 'Empfohlene Erweiterungen', NULL, 0),
(94, 94, 'de_DE', 'Beliebte Zahlungsmethoden', NULL, 0),
(95, 95, 'de_DE', ' "IP Adresse verschleiern"', NULL, 0),
(96, 96, 'de_DE', ' "Stellt sicher das die IP Adresse der Kunden beim Tracking nicht mit übertragen werden (Datenschutz)"', NULL, 0),
(97, 97, 'de_DE', 'Dynamische Berechnung der Versand-Steuerklasse', NULL, 0),
(98, 98, 'de_DE', 'Auf "Ja" stellen, wenn Sie die Versand-Steuerklasse basierend auf der höchsten Produktsteuerklasse im Warenkorb dynamisch berechnen lassen möchten.<br /><b>ACHTUNG:</b> Diese Einstellung überschreibt die Einstellung "Steuerklasse für den Versand" darüber.', NULL, 0),
(99, 99, 'de_DE', 'Versand aus', NULL, 0),
(100, 100, 'de_DE', 'Diese Einstellung wird für das Setup der Steuereinstellungen verwendet!', NULL, 0),
(101, 101, 'de_DE', '[Anzeigen]', NULL, 0),
(102, 102, 'de_DE', 'Sichtbar im Bestellprozess', NULL, 0),
(103, 103, 'de_DE', 'Zusatzinformation anzeigen', NULL, 0),
(104, 104, 'de_DE', 'Inhalt des Textfeldes (unten) auf der Bestellbestätigungsseite anzeigen (direkt über dem "Kaufen"-Button)', NULL, 0),
(105, 105, 'de_DE', 'Verzeichnis "%s" nicht gefunden. Ist das Sprachpaket korrekt installiert?', NULL, 0),
(106, 106, 'de_DE', 'Standardeinstellung', NULL, 0),
(107, 107, 'de_DE', 'Standardeinstellung benutzen', NULL, 0),
(108, 108, 'de_DE', 'Gewähltes Spachpaket', NULL, 0),
(109, 109, 'de_DE', 'Transaktions-Emails erzeugen, die im Magento-Admin-Bereich verwaltet werden können.', NULL, 0),
(110, 110, 'de_DE', 'Spachpaket für Email-Templates', NULL, 0),
(111, 111, 'de_DE', 'Wenn Ihr gewünschtes Sprachpaket in der Auswahl fehlt, prüfen Sie bitte, ob es korrekt installiert ist.', NULL, 0),
(112, 112, 'de_DE', 'Wenn Ihr gewünschtes Sprachpaket in der Auswahl fehlt, wird es von MageSetup derzeit noch nicht angeboten.', NULL, 0),
(113, 113, 'de_DE', 'Konfigurations-Einstellungen', NULL, 0),
(114, 114, 'de_DE', 'CMS-Einstellungen', NULL, 0),
(115, 115, 'de_DE', 'Email-Einstellungen', NULL, 0),
(116, 116, 'de_DE', 'Steuer-Einstellungen', NULL, 0),
(117, 117, 'de_DE', 'Lieferzeit', NULL, 0),
(118, 118, 'de_DE', 'Versandkosten', NULL, 0),
(119, 119, 'de_DE', 'Geschätzte Versandkosten im Warenkorb verstecken', NULL, 0),
(120, 120, 'de_DE', 'Mit einem Link zur CMS-Seite "Versandkosten" ersetzen', NULL, 0),
(121, 121, 'de_DE', 'Hier finden Sie Informationen zu den Versandkosten.', NULL, 0),
(122, 122, 'de_DE', 'Box "Zuletzt bestellte Artikel" verstecken', NULL, 0),
(123, 123, 'de_DE', 'Steuer-Einstellungen', NULL, 0),
(124, 124, 'de_DE', 'Anzeigen in', NULL, 0),
(125, 125, 'de_DE', 'Im Checkout (Magento-Standard)', NULL, 0),
(126, 126, 'de_DE', 'In der Kundenregistrierung (oder im Checkout, wenn der Kunde vorher nicht registriert ist)', NULL, 0),
(127, 127, 'de_DE', 'In der Kundenregistrierung und im Checkout', NULL, 0),
(128, 128, 'de_DE', 'Nirgendwo', NULL, 0),
(129, 129, 'de_DE', 'Bedingungen wurden nicht bestätigt.', NULL, 0),
(130, 130, 'de_DE', 'Produkttyp für Widerrufsrecht', NULL, 0),
(131, 131, 'de_DE', 'Standard-Produkttyp für Widerrufsrecht', NULL, 0),
(132, 132, 'de_DE', 'Zusätzliche Bestellbedingungen werden für Digitale Inhalte und Dienstleistungen angezeigt', NULL, 0),
(133, 133, 'de_DE', 'Standardwert (Konfiguration)', NULL, 0),
(134, 134, 'de_DE', 'Warenlieferung', NULL, 0),
(135, 135, 'de_DE', 'Digitaler Inhalt', NULL, 0),
(136, 136, 'de_DE', 'Dienstleistung', NULL, 0),
(137, 137, 'de_DE', 'Für folgende Produkttypen anzeigen', NULL, 0),
(138, 138, 'de_DE', 'Wird nur angezeigt, wenn sich mindestens ein Produkt des gewählten Typs im Warenkorb befindet.', NULL, 0),
(139, 139, 'de_DE', 'Alle', NULL, 0),
(140, 140, 'de_DE', 'Deutsches Sprachpaket', NULL, 0),
(141, 141, 'de_DE', 'Grundpreis-Modul (PAngV)', NULL, 0),
(142, 142, 'de_DE', 'Newsletter Abmeldung als Gast und Double Opt-In für registrierte Kunden', NULL, 0),
(143, 143, 'de_DE', 'Bankeinzug/Lastschrift', NULL, 0),
(144, 144, 'de_DE', 'Nachnahme', NULL, 0),
(145, 145, 'de_DE', 'Vorkasse', NULL, 0),
(146, 146, 'de_DE', 'Rechnung', NULL, 0),
(147, 147, 'de_DE', 'Extension Key', NULL, 0),
(148, 148, 'de_DE', 'MagentoConnect', NULL, 0),
(149, 149, 'de_DE', 'Bankverbindung', NULL, 0),
(150, 150, 'de_DE', 'Lokale Magento Editionen', NULL, 0),
(151, 151, 'de_DE', 'Partner - Lokale Magento Editionen', NULL, 0),
(152, 152, 'de_DE', 'Dashboard - Lokale Magento Editionen', NULL, 0),
(153, 153, 'de_DE', 'Empfehlungen - Lokale Magento Editionen', NULL, 0),
(154, 154, 'de_DE', 'Partner', NULL, 0),
(155, 155, 'de_DE', 'Dashboard', NULL, 0),
(156, 156, 'de_DE', 'Empfehlungen', NULL, 0),
(157, 157, 'de_DE', 'Bitte geben Sie Ihre Daten ein:', NULL, 0),
(158, 158, 'de_DE', 'Shop-Daten', NULL, 0),
(159, 159, 'de_DE', 'Magento wurde erfolgreich vorbereitet. Bitte loggen Sie sich aus und anschließend wieder ein, um auf die neu installierten Module zugreifen zu können.', NULL, 0),
(160, 160, 'de_DE', 'Ihre Daten wurden erfolgreich gespeichert.', NULL, 0),
(161, 161, 'de_DE', 'Unsere Bankverbindung: %s, Kto. %s, BLZ %s, %s (IBAN %s, SWIFT %s).', NULL, 0),
(162, 162, 'de_DE', 'Unsere Bankverbindung: %s, Kto. %s, BLZ %s, %s.', NULL, 0),
(163, 163, 'de_DE', 'Email-Adresse des PayPal-Händleraccounts', NULL, 0),
(164, 164, 'de_DE', 'Shop-Sprachen', NULL, 0),
(165, 165, 'de_DE', 'Zusätzliche Sprachen anlegen', NULL, 0),
(166, 166, 'de_DE', 'Deutsch', NULL, 0),
(167, 167, 'de_DE', 'Englisch', NULL, 0),
(168, 168, 'de_DE', 'Französisch', NULL, 0),
(169, 169, 'de_DE', 'Italienisch', NULL, 0),
(170, 170, 'de_DE', 'Russisch', NULL, 0),
(171, 171, 'de_DE', '%s wird als Standardsprache automatisch angelegt.', NULL, 0),
(172, 172, 'de_DE', 'Standard-Kategorie', NULL, 0),
(173, 173, 'de_DE', 'Logo im Header anzeigen', NULL, 0),
(174, 174, 'de_DE', 'Menü-Eintrag anzeigen', NULL, 0),
(175, 175, 'de_DE', 'Block in der Übersicht (Dashboard) anzeigen', NULL, 0),
(176, 176, 'de_DE', 'optional', NULL, 0),
(177, 177, 'de_DE', 'Dashboard', NULL, 0),
(178, 178, 'de_DE', 'Partner', NULL, 0),
(179, 179, 'de_DE', 'Empfehlungen', NULL, 0),
(180, 180, 'de_DE', 'Integrierte Module', NULL, 0),
(181, 181, 'de_DE', 'Die folgenden Module installieren:', NULL, 0),
(182, 182, 'de_DE', 'Klick öffnet ein neues Fenster mit mehr Informationen', NULL, 0),
(183, 183, 'de_DE', 'Keine weiteren Module installieren', NULL, 0),
(184, 184, 'de_DE', 'Standardmodule installieren', NULL, 0),
(185, 185, 'de_DE', 'Zu installierende Module auswählen (erweiterter Modus)', NULL, 0),
(186, 186, 'de_DE', 'Das Modul %s wurde erfolgreich aktualisiert.', NULL, 0),
(187, 187, 'de_DE', 'Mithilfe zur Verbesserung von %s - Datenübertragung', NULL, 0),
(188, 188, 'de_DE', 'Die Lokalisierten Magento Editionen (LME) sind ein Projekt von der Community für die Community. Die Editionen wurden erstellt, um den Einstieg in Magento so einfach wie möglich zu gestalten. Initiiert wurde das Projekt von der Netresearch App Factory. Für den Lead der Umsetzung sind mit integer_net erfahrene und engagierte Entwickler im Boot, die gemeinsam mit der Community die wichtigsten und besten Exensions integriert haben.', NULL, 0),
(189, 189, 'de_DE', 'Um die Verbreitung der Lokalisierten Magento Editionen zu verfolgen, übermittelt das System Requests mit einem Identifier des Partners, über den Sie das System bezogen haben. Sie finden die dafür verantwortliche Datei unter %s. Es werden dabei keinerlei nutzerbezogene Daten erhoben.', NULL, 0),
(190, 190, 'de_DE', 'Mit Ihrer Zustimmung der Übermittlung von Nutzungs- und Kontaktdaten durch die Edition können Sie Entwickler & Community-Partner aktiv dabei unterstützen, die Verbreitung der Lokalisierten Magento Editionen zu verfolgen, die Installation weiterzuentwickeln und stetig zu verbessern. Somit profitieren auch Sie und vielen weitere Händler von einem aktuellen und attraktiven System und regelmäßigen Anpassungen.', NULL, 0),
(191, 191, 'de_DE', 'Selbstverständlich können Sie selbst entscheiden, welchen Umfang an Daten Sie für die Übertragung zulassen und inwieweit Sie damit die Weiterentwicklung unterstützen. Das Projekt ist generell nur an Daten zur Nutzung der Installation und ggf. Kontaktdaten aus Ihrem offiziellen Impressum interessiert. Es erfolgt keine darüber hinausgehende Erhebung von Daten.', NULL, 0),
(192, 192, 'de_DE', 'Vielen Dank im Voraus für Ihre Mithilfe.', NULL, 0),
(193, 193, 'de_DE', 'Ich möchte, dass keine weitere Übertragung erfolgt.', NULL, 0),
(194, 194, 'de_DE', 'Daten der Übertragung einsehen', NULL, 0),
(195, 195, 'de_DE', 'Ich helfe mit, die Verbreitung der Lokalisierten Magento Editionen zu beobachten und möchte von den exklusiven Vorteils-Angeboten der NR App Factory & Ihrer Partner profitieren.', NULL, 0),
(196, 196, 'de_DE', 'Dies könnten Ihre Vorteils-Angebote sein.', NULL, 0),
(197, 197, 'de_DE', 'Konkrete Angebote könnten beispielsweise sein:', NULL, 0),
(198, 198, 'de_DE', 'Vorteilskonditionen beim Kauf von Extensions oder Supportleistungen im NAF Store nr.apps.com', NULL, 0),
(199, 199, 'de_DE', 'Vorkaufsrecht und Sonderkonditionen auf Magento-Branchen-Event-Tickets wie z.B. Meet-Magento & Developers-Paradise', NULL, 0),
(200, 200, 'de_DE', 'Vorkaufsrecht und Sonderkonditionen auf Magento-Schulungs-Veranstaltungen wie z.B. NR Campus', NULL, 0),
(201, 201, 'de_DE', 'Ausweis als Nutzer inkl. Backlink für Ihre Domain auf nr-apps.com', NULL, 0),
(202, 202, 'de_DE', 'und viele mehr', NULL, 0),
(203, 203, 'de_DE', 'Ihre persönlichen Angebote und aktuelle Informationen rund um %s entnehmen Sie bitte dem aktuellen Newsfeed Ihres Systems.', NULL, 0),
(204, 204, 'de_DE', 'Ich erkläre mich damit einverstanden, dass Kontaktdaten zur Überprüfung der Reichweite der Lokalisierten Magento Editionen übertragen werden und unterstütze somit aktiv das Projekt.', NULL, 0),
(205, 205, 'de_DE', 'Server-IP', NULL, 0),
(206, 206, 'de_DE', 'Übertragungsdatum', NULL, 0),
(207, 207, 'de_DE', 'Magento-Version', NULL, 0),
(208, 208, 'de_DE', 'Impressum-Daten: Shop Name, Firma, Straße, PLZ, Ort, Land, Telefon, Fax, Email, Website, Geschäftsführer, Inhaber', NULL, 0),
(209, 209, 'de_DE', 'Weitere Informationen zum Datenschutz finden Sie <a href="%s" target="_blank">hier</a>', NULL, 0),
(210, 210, 'de_DE', 'Nachrichten können im Moment nicht abgerufen werden. Bitte versuchen Sie es später erneut.', NULL, 0),
(211, 211, 'de_DE', 'Der Shop "%s" existiert bereits.', NULL, 0),
(212, 212, 'de_DE', 'FireGento German Setup', NULL, 0),
(213, 213, 'de_DE', 'Extension-Setup', NULL, 0),
(214, 214, 'de_DE', 'Steuereinstellungen', NULL, 0),
(215, 215, 'de_DE', 'Bestellbedingungen', NULL, 0),
(216, 216, 'de_DE', 'FireGento PDF', NULL, 0),
(217, 217, 'de_DE', 'Autoshipping', NULL, 0),
(218, 218, 'de_DE', 'Nachnahme', NULL, 0),
(219, 219, 'de_DE', 'Bankeinzug', NULL, 0),
(220, 220, 'de_DE', 'Bankdaten-Einrichtung', NULL, 0),
(221, 221, 'de_DE', 'Kundenkonto-Links entfernen', NULL, 0),
(222, 222, 'de_DE', 'Konfiguration', NULL, 0),
(223, 223, 'de_DE', 'Copyright-Hinweis im Impressum anzeigen', NULL, 0),
(224, 224, 'de_DE', '<a href="%s" target="_blank">%s</a> ist ein Projekt der Magento Community', NULL, 0),
(225, 225, 'de_DE', 'powered by', NULL, 0),
(226, 226, 'de_DE', 'Nachnahmegebühr %s', NULL, 0),
(227, 227, 'de_DE', 'Bitte haben Sie etwas Geduld', NULL, 0),
(228, 228, 'de_DE', 'Länderauswahl', NULL, 0),
(229, 229, 'de_DE', 'Bitte betreten Sie jetzt das AdminPanel, um die Konfiguration abzuschließen.', NULL, 0),
(230, 230, 'de_DE', 'Nächste Seite', NULL, 0),
(231, 231, 'de_DE', 'Vorherige Seite', NULL, 0),
(232, 232, 'de_DE', '%s einrichten', NULL, 0),
(233, 233, 'de_DE', '%s Setup', NULL, 0),
(234, 234, 'de_DE', 'Seite %s von %s', NULL, 0),
(235, 235, 'de_DE', 'Sprachen, Module, Datenübertragung', NULL, 0),
(236, 236, 'de_DE', 'Module, Datenübertragung', NULL, 0),
(237, 237, 'de_DE', 'Ein Fehler ist aufgetreten. Bitte beachten Sie, dass Schreibrechte für das Magento-Verzeichnis und alle Unterverzeichnisse vorliegen müssen.', NULL, 0),
(238, 238, 'de_DE', 'Bitte beachten Sie:', NULL, 0),
(239, 239, 'de_DE', 'Mit Klick auf den Button "Fortsetzen" starten Sie die Installation der Lokalisierten Magento Edition %s. Diese wird im Hintergrund ausgeführt.', NULL, 0),
(240, 240, 'de_DE', 'Bitte haben Sie etwas Geduld, dieser Vorgang kann bis zu ca. 5 Minuten. dauern.', NULL, 0),
(241, 241, 'de_DE', 'Bitte lassen Sie Ihren Browser geöffnet und führen Sie bis zum Abschluss KEINEN Reload durch.', NULL, 0),
(242, 242, 'de_DE', 'Bitte füllen Sie Ihre Angaben zum Unternehmen möglichst vollständig aus.', NULL, 0),
(243, 243, 'de_DE', 'Diese werden z.B. für die Impressumspflicht, AGB oder einige Zahlungsmethoden benötigt.', NULL, 0),
(244, 244, 'de_DE', 'Sie können diese Angaben auch nachträglich jederzeit editieren oder vervollständigen. Sie erreichen die Angaben über die Menüpunkte', NULL, 0),
(245, 245, 'de_DE', '%s &gt; Konfiguration', NULL, 0),
(246, 246, 'de_DE', 'System &gt; Konfiguration &gt; Allgemein: Impressum', NULL, 0),
(247, 247, 'de_DE', 'Support-Center', NULL, 0),
(248, 248, 'de_DE', 'BillSAFE-Modul installieren', NULL, 0),
(249, 249, 'de_DE', 'BillSAFE-Zahlungen aktivieren', NULL, 0),
(250, 250, 'de_DE', 'Testmodus (Sandbox) für BillSAFE-Zahlungen', NULL, 0),
(251, 251, 'de_DE', 'Verkäufer-ID', NULL, 0),
(252, 252, 'de_DE', 'Lizenzschlüssel', NULL, 0),
(253, 253, 'de_DE', 'Sie finden diese Daten im <a href="%s" target="_blank">BillSAFE Payment Backend</a>.', NULL, 0),
(254, 254, 'de_DE', 'BillSAFE-Ratenkauf aktivieren', NULL, 0),
(255, 255, 'de_DE', 'Testmodus (Sandbox) für BillSAFE-Ratenkauf', NULL, 0),
(256, 256, 'de_DE', 'BillSAFE ist der sichere Rechnungskauf -Service von PayPal.', NULL, 0),
(257, 257, 'de_DE', 'BillSAFE ist der sichere Rechnungskauf -Service von PayPal. Klicken Sie hier für mehr Informationen oder um sich zu registrieren.', NULL, 0),
(258, 258, 'de_DE', 'Jetzt hier anmelden!', NULL, 0),
(259, 259, 'de_DE', 'Was ist BillSAFE?', NULL, 0),
(260, 260, 'de_DE', '&quot;Direkt zu PayPal&quot; aktivieren?', NULL, 0),
(261, 261, 'de_DE', 'Testmodus (Sandbox) für PayPal-Zahlungen', NULL, 0),
(262, 262, 'de_DE', 'Email-Adresse des PayPal Händler-Kontos', NULL, 0),
(263, 263, 'de_DE', 'Einrichtung von PayPal, BillSAFE und M2E', NULL, 0),
(264, 264, 'de_DE', 'Einrichtung Module powered by ebay', NULL, 0),
(265, 265, 'de_DE', 'Was ist PayPal? Klicken Sie hier für mehr Informationen oder zum Anmelden.', NULL, 0),
(266, 266, 'de_DE', 'Bitte tragen Sie hier die E-Mail-Adresse Ihres PayPal Händlerkontos ein.', NULL, 0),
(267, 267, 'de_DE', 'Die Informationen zur Einstellung der PayPal API finden Sie in Ihrem PayPal Händlerkonto unter dem Menüpunkt PayPal &gt; Mein Konto &gt; Mein Profil &gt; Verkäufer/ Händler &gt; <a href="%s" target="_blank">API-Zugriff</a>.', NULL, 0),
(268, 268, 'de_DE', 'Sie haben weitere Fragen zu Ihrem Händlerkonto? <a href="%s" target="_blank">Klicken Sie hier</a>.', NULL, 0),
(269, 269, 'de_DE', 'Sie haben die Möglichkeit, erweiterte Einstellungen für PayPal vorzunehmen, nachdem Sie die Einstellung hier beendet haben.', NULL, 0),
(270, 270, 'de_DE', 'M2E-Modul installieren', NULL, 0),
(271, 271, 'de_DE', 'M2E Pro wurde installiert, aber noch nicht konfiguriert. Klicken Sie <a href="%s">hier</a>, um den Wizard zu starten.', NULL, 0),
(272, 272, 'de_DE', 'Was ist M2E Pro?', NULL, 0),
(273, 273, 'de_DE', 'PayPal Express konfigurieren', NULL, 0),
(274, 274, 'de_DE', 'BillSAFE konfigurieren', NULL, 0),
(275, 275, 'de_DE', 'BillSAFE installieren', NULL, 0),
(276, 276, 'de_DE', 'Das BillSAFE-Modul ist noch nicht installiert.', NULL, 0),
(277, 277, 'de_DE', 'M2E Pro konfigurieren', NULL, 0),
(278, 278, 'de_DE', 'M2E Pro installieren', NULL, 0),
(279, 279, 'de_DE', 'Das M2E-Pro-Modul ist noch nicht installiert.', NULL, 0),
(280, 280, 'de_DE', 'Jetzt installieren', NULL, 0),
(281, 281, 'de_DE', 'Sie haben die Zahlungsart PayPal erfolgreich eingerichtet. Sie haben jederzeit die Möglichkeit, erweiterte Einstellungen <a href="%s">hier</a> vorzunehmen.', NULL, 0),
(282, 282, 'de_DE', 'Nein', NULL, 0),
(283, 283, 'de_DE', 'Ja', NULL, 0);

-- --------------------------------------------------------

--
-- Table structure for table `translation_base`
--

CREATE TABLE IF NOT EXISTS `translation_base` (
  `base_id` int(10) unsigned NOT NULL AUTO_INCREMENT,
  `translation_file` varchar(255) NOT NULL,
  `origin_source` text,
  `not_in_use` tinyint(4) NOT NULL DEFAULT '0',
  `screen_path` varchar(255) DEFAULT NULL,
  PRIMARY KEY (`base_id`),
  KEY `csv` (`translation_file`)
) ENGINE=InnoDB  DEFAULT CHARSET=utf8 AUTO_INCREMENT=284 ;

--
-- Dumping data for table `translation_base`
--

INSERT INTO `translation_base` (`base_id`, `translation_file`, `origin_source`, `not_in_use`, `screen_path`) VALUES
(1, 'FireGento_MageSetup.csv', 'Display Block below Price', 0, ''),
(2, 'FireGento_MageSetup.csv', 'Display tax info and shipping cost link below the price on all pages', 0, ''),
(3, 'FireGento_MageSetup.csv', 'Display Delivery time on Category Pages', 0, ''),
(4, 'FireGento_MageSetup.csv', 'CMS Page for Shipping Info', 0, ''),
(5, 'FireGento_MageSetup.csv', 'Show "incl. Shipping Cost" instead of "excl. Shipping Cost"', 0, ''),
(6, 'FireGento_MageSetup.csv', 'Show "incl. Shipping Cost" instead of "excl. Shipping Cost"', 0, ''),
(7, 'FireGento_MageSetup.csv', 'No Page', 0, ''),
(8, 'FireGento_MageSetup.csv', 'No Block', 0, ''),
(9, 'FireGento_MageSetup.csv', 'Incl. Tax', 0, ''),
(10, 'FireGento_MageSetup.csv', 'Incl. %s Tax', 0, ''),
(11, 'FireGento_MageSetup.csv', 'Excl. %s Tax', 0, ''),
(12, 'FireGento_MageSetup.csv', 'excl. <a href="%s">Shipping Cost</a>', 0, ''),
(13, 'FireGento_MageSetup.csv', 'incl. <a href="%s">Shipping Cost</a>', 0, ''),
(14, 'FireGento_MageSetup.csv', 'Display Product Weight below Price', 0, ''),
(15, 'FireGento_MageSetup.csv', 'Unit for Product Weight', 0, ''),
(16, 'FireGento_MageSetup.csv', 'e.g. g, kg, lb, ...', 0, ''),
(17, 'FireGento_MageSetup.csv', 'Shipping Weight %s', 0, ''),
(18, 'FireGento_MageSetup.csv', 'If you want to add additional StoreViews (i.e. for multiple languages), please do so before submitting this form.', 0, ''),
(19, 'FireGento_MageSetup.csv', 'Skip installation', 0, ''),
(20, 'FireGento_MageSetup.csv', 'MageSetup has been installed.', 0, ''),
(21, 'FireGento_MageSetup.csv', 'Click <a href="%s">here</a> to set up your pages, blocks, emails and tax settings.', 0, ''),
(22, 'FireGento_MageSetup.csv', 'Please choose the requested setups:', 0, ''),
(23, 'FireGento_MageSetup.csv', 'Run MageSetup', 0, ''),
(24, 'FireGento_MageSetup.csv', 'Update System Config Settings', 0, ''),
(25, 'FireGento_MageSetup.csv', 'i.e. newsletter confirmation, account confirmation, ..', 0, ''),
(26, 'FireGento_MageSetup.csv', 'Create CMS Pages and Blocks', 0, ''),
(27, 'FireGento_MageSetup.csv', 'i.e. shipping, conditions, revocation', 0, ''),
(28, 'FireGento_MageSetup.csv', 'Create Checkout Agreements', 0, ''),
(29, 'FireGento_MageSetup.csv', 'Conditions', 0, ''),
(30, 'FireGento_MageSetup.csv', 'Display Checkbox on Frontend', 0, ''),
(31, 'FireGento_MageSetup.csv', 'Require Confirmation on Customer Registration and/or Checkout', 0, ''),
(32, 'FireGento_MageSetup.csv', 'Language Package for CMS Pages/Blocks/Agreements', 0, ''),
(33, 'FireGento_MageSetup.csv', 'Create Email Templates', 0, ''),
(34, 'FireGento_MageSetup.csv', 'German Email Templates', 0, ''),
(35, 'FireGento_MageSetup.csv', 'Configure Tax', 0, ''),
(36, 'FireGento_MageSetup.csv', 'Shipping from Germany', 0, ''),
(37, 'FireGento_MageSetup.csv', 'All tax settings will be overwritten!', 0, ''),
(38, 'FireGento_MageSetup.csv', 'Update Product Tax Classes', 0, ''),
(39, 'FireGento_MageSetup.csv', 'Update Customer Tax Classes', 0, ''),
(40, 'FireGento_MageSetup.csv', 'Old', 0, ''),
(41, 'FireGento_MageSetup.csv', 'New', 0, ''),
(42, 'FireGento_MageSetup.csv', 'No tax', 0, ''),
(43, 'FireGento_MageSetup.csv', 'Newsletter Subscribers Status History', 0, ''),
(44, 'FireGento_MageSetup.csv', 'MageSetup: CMS Blocks and Pages have been created.', 0, ''),
(45, 'FireGento_MageSetup.csv', 'MageSetup: Checkout Agreements have been created.', 0, ''),
(46, 'FireGento_MageSetup.csv', 'MageSetup: Email Templates have been created.', 0, ''),
(47, 'FireGento_MageSetup.csv', 'MageSetup: Tax Settings have been created.', 0, ''),
(48, 'FireGento_MageSetup.csv', 'MageSetup: Product Tax Classes have been updated.', 0, ''),
(49, 'FireGento_MageSetup.csv', 'MageSetup: System Config Settings have been updated.', 0, ''),
(50, 'FireGento_MageSetup.csv', 'Imprint', 0, ''),
(51, 'FireGento_MageSetup.csv', 'Account', 0, ''),
(52, 'FireGento_MageSetup.csv', 'Account owner', 0, ''),
(53, 'FireGento_MageSetup.csv', 'Bank number', 0, ''),
(54, 'FireGento_MageSetup.csv', 'Bank name', 0, ''),
(55, 'FireGento_MageSetup.csv', 'CEO', 0, ''),
(56, 'FireGento_MageSetup.csv', 'Owner', 0, ''),
(57, 'FireGento_MageSetup.csv', 'Responsible according to § 5 TMG', 0, ''),
(58, 'FireGento_MageSetup.csv', 'Responsible for content', 0, ''),
(59, 'FireGento_MageSetup.csv', 'Responsible for content address', 0, ''),
(60, 'FireGento_MageSetup.csv', 'Responsible in the interests of the press law', 0, ''),
(61, 'FireGento_MageSetup.csv', 'E-Mail', 0, ''),
(62, 'FireGento_MageSetup.csv', 'Fax', 0, ''),
(63, 'FireGento_MageSetup.csv', 'Financial office', 0, ''),
(64, 'FireGento_MageSetup.csv', 'IBAN', 0, ''),
(65, 'FireGento_MageSetup.csv', 'Clearing', 0, ''),
(66, 'FireGento_MageSetup.csv', 'Register court', 0, ''),
(67, 'FireGento_MageSetup.csv', 'Register number', 0, ''),
(68, 'FireGento_MageSetup.csv', 'SWIFT', 0, ''),
(69, 'FireGento_MageSetup.csv', 'BIC/SWIFT', 0, ''),
(70, 'FireGento_MageSetup.csv', 'Tax number', 0, ''),
(71, 'FireGento_MageSetup.csv', 'Telephone', 0, ''),
(72, 'FireGento_MageSetup.csv', 'Supplementary Information for Telephone', 0, ''),
(73, 'FireGento_MageSetup.csv', 'Web', 0, ''),
(74, 'FireGento_MageSetup.csv', 'VAT-ID', 0, ''),
(75, 'FireGento_MageSetup.csv', 'Company 1', 0, ''),
(76, 'FireGento_MageSetup.csv', 'Company 2', 0, ''),
(77, 'FireGento_MageSetup.csv', 'Street', 0, ''),
(78, 'FireGento_MageSetup.csv', 'Zip', 0, ''),
(79, 'FireGento_MageSetup.csv', 'City', 0, ''),
(80, 'FireGento_MageSetup.csv', 'Telephone', 0, ''),
(81, 'FireGento_MageSetup.csv', 'Tax number', 0, ''),
(82, 'FireGento_MageSetup.csv', 'Financial office', 0, ''),
(83, 'FireGento_MageSetup.csv', 'Reference for business rules (physician, physician...)', 0, ''),
(84, 'FireGento_MageSetup.csv', 'Authority (ECG)', 0, ''),
(85, 'FireGento_MageSetup.csv', 'Shareholdings', 0, ''),
(86, 'FireGento_MageSetup.csv', 'Editorial Concept', 0, ''),
(87, 'FireGento_MageSetup.csv', 'relevant for Austrian shops', 0, ''),
(88, 'FireGento_MageSetup.csv', 'Account owner', 0, ''),
(89, 'FireGento_MageSetup.csv', 'Account', 0, ''),
(90, 'FireGento_MageSetup.csv', 'Bank number', 0, ''),
(91, 'FireGento_MageSetup.csv', 'Bank name', 0, ''),
(92, 'FireGento_MageSetup.csv', '%s%%', 0, ''),
(93, 'FireGento_MageSetup.csv', 'Recommended Extensions', 0, ''),
(94, 'FireGento_MageSetup.csv', 'Popular Payment Methods', 0, ''),
(95, 'FireGento_MageSetup.csv', 'Ip anonymization', 0, ''),
(96, 'FireGento_MageSetup.csv', 'Ensures that the ip address of the customers doesnt get involved into the tracking', 0, ''),
(97, 'FireGento_MageSetup.csv', 'Dynamic Shipping Tax Class Calculation', 0, ''),
(98, 'FireGento_MageSetup.csv', 'Set to "yes" if you want to calculate the shipping tax rate based on the highest product tax rate in cart.<br /><b>ATTENTION:</b> This setting overwrites the "Tax Class for Shipping" setting above!', 0, ''),
(99, 'FireGento_MageSetup.csv', 'Shipping from', 0, ''),
(100, 'FireGento_MageSetup.csv', 'This setting is base for the tax rate setup!', 0, ''),
(101, 'FireGento_MageSetup.csv', '[Show]', 0, ''),
(102, 'FireGento_MageSetup.csv', 'Visible in Checkout', 0, ''),
(103, 'FireGento_MageSetup.csv', 'Display Additional Information', 0, ''),
(104, 'FireGento_MageSetup.csv', 'Display content from text field below at the checkout confirm page directly above the checkout button', 0, ''),
(105, 'FireGento_MageSetup.csv', 'Directory "%s" not found. Locale not installed?', 0, ''),
(106, 'FireGento_MageSetup.csv', 'Default Setting', 0, ''),
(107, 'FireGento_MageSetup.csv', 'Use Default Setting', 0, ''),
(108, 'FireGento_MageSetup.csv', 'Select Locale', 0, ''),
(109, 'FireGento_MageSetup.csv', 'Create Transational Email Templates to be managed in the Magento admin area', 0, ''),
(110, 'FireGento_MageSetup.csv', 'Language Package for Email Templates', 0, ''),
(111, 'FireGento_MageSetup.csv', 'If your desired locale is missing, please check if it installed.', 0, ''),
(112, 'FireGento_MageSetup.csv', 'If your desired locale is missing, it is not supported yet by MageSetup.', 0, ''),
(113, 'FireGento_MageSetup.csv', 'Configuration Settings', 0, ''),
(114, 'FireGento_MageSetup.csv', 'CMS Settings', 0, ''),
(115, 'FireGento_MageSetup.csv', 'Email Settings', 0, ''),
(116, 'FireGento_MageSetup.csv', 'Tax Settings', 0, ''),
(117, 'FireGento_MageSetup.csv', 'Delivery Time', 0, ''),
(118, 'FireGento_MageSetup.csv', 'Shipping Costs', 0, ''),
(119, 'FireGento_MageSetup.csv', 'Hide estimated shipping costs in cart', 0, ''),
(120, 'FireGento_MageSetup.csv', 'Replace with a link to the shipping costs cms page', 0, ''),
(121, 'FireGento_MageSetup.csv', 'Here you find information regarding the shipping costs.', 0, ''),
(122, 'FireGento_MageSetup.csv', 'Hide box "Last Ordered Items"', 0, ''),
(123, 'FireGento_MageSetup.csv', 'Tax Settings', 0, ''),
(124, 'FireGento_MageSetup.csv', 'Display on', 0, ''),
(125, 'FireGento_MageSetup.csv', 'On checkout (Magento Default)', 0, ''),
(126, 'FireGento_MageSetup.csv', 'On customer registration (or on checkout, if customer not registered before)', 0, ''),
(127, 'FireGento_MageSetup.csv', 'On customer registration and on checkout', 0, ''),
(128, 'FireGento_MageSetup.csv', 'Nowhere', 0, ''),
(129, 'FireGento_MageSetup.csv', 'Agreements not confirmed.', 0, ''),
(130, 'FireGento_MageSetup.csv', 'Revocation Product Type (for extra checkout agreements)', 0, ''),
(131, 'FireGento_MageSetup.csv', 'Default Revocation Product Type (for extra checkout agreements)', 0, ''),
(132, 'FireGento_MageSetup.csv', 'Display extra checkout agreements for Digital Goods and Services', 0, ''),
(133, 'FireGento_MageSetup.csv', 'Default (Configuration)', 0, ''),
(134, 'FireGento_MageSetup.csv', 'Delivery of Goods', 0, ''),
(135, 'FireGento_MageSetup.csv', 'Digital Content', 0, ''),
(136, 'FireGento_MageSetup.csv', 'Service', 0, ''),
(137, 'FireGento_MageSetup.csv', 'Display for following Revocation Product Types', 0, ''),
(138, 'FireGento_MageSetup.csv', 'Will only be displayed if at least one product of the selected type is in cart', 0, ''),
(139, 'FireGento_MageSetup.csv', 'All', 0, ''),
(140, 'FireGento_MageSetup.csv', 'German Language Pack', 0, ''),
(141, 'FireGento_MageSetup.csv', 'Base Price', 0, ''),
(142, 'FireGento_MageSetup.csv', 'Newsletter Unsubscription for Guests, Double Opt In for registered Customers', 0, ''),
(143, 'FireGento_MageSetup.csv', 'Debit Payment', 0, ''),
(144, 'FireGento_MageSetup.csv', 'Cash on Delivery', 0, ''),
(145, 'FireGento_MageSetup.csv', 'Bank Payment', 0, ''),
(146, 'FireGento_MageSetup.csv', 'Invoice Payment', 0, ''),
(147, 'FireGento_MageSetup.csv', 'Extension Key', 0, ''),
(148, 'FireGento_MageSetup.csv', 'MagentoConnect', 0, ''),
(149, 'FireGento_MageSetup.csv', 'Bank Information', 0, ''),
(150, 'IntegerNet_MagentoLocalized.csv', 'Localized Magento Editions', 0, ''),
(151, 'IntegerNet_MagentoLocalized.csv', 'Partners - Localized Magento Editions', 0, ''),
(152, 'IntegerNet_MagentoLocalized.csv', 'Dashboard - Localized Magento Editions', 0, ''),
(153, 'IntegerNet_MagentoLocalized.csv', 'Suggestions - Localized Magento Editions', 0, ''),
(154, 'IntegerNet_MagentoLocalized.csv', 'Partners', 0, ''),
(155, 'IntegerNet_MagentoLocalized.csv', 'Dashboard', 0, ''),
(156, 'IntegerNet_MagentoLocalized.csv', 'Suggestions', 0, ''),
(157, 'IntegerNet_MagentoLocalized.csv', 'Please enter your data:', 0, ''),
(158, 'IntegerNet_MagentoLocalized.csv', 'Shop Data', 0, ''),
(159, 'IntegerNet_MagentoLocalized.csv', 'Magento was prepared successfully. Please log out and log in again in order to access the newly installed modules.', 0, ''),
(160, 'IntegerNet_MagentoLocalized.csv', 'Your data was saved successfully.', 0, ''),
(161, 'IntegerNet_MagentoLocalized.csv', 'After completion of this order, please transfer the order amount to: %s, Account %s, Bank number %s, %s (IBAN %s, SWIFT %s)', 0, ''),
(162, 'IntegerNet_MagentoLocalized.csv', 'After completion of this order, please transfer the order amount to: %s, Account %s, Bank number %s, %s', 0, ''),
(163, 'IntegerNet_MagentoLocalized.csv', 'PayPal Merchant Account Email Address', 0, ''),
(164, 'IntegerNet_MagentoLocalized.csv', 'Store Languages', 0, ''),
(165, 'IntegerNet_MagentoLocalized.csv', 'Create Additional Store Languages', 0, ''),
(166, 'IntegerNet_MagentoLocalized.csv', 'German', 0, ''),
(167, 'IntegerNet_MagentoLocalized.csv', 'English', 0, ''),
(168, 'IntegerNet_MagentoLocalized.csv', 'French', 0, ''),
(169, 'IntegerNet_MagentoLocalized.csv', 'Italian', 0, ''),
(170, 'IntegerNet_MagentoLocalized.csv', 'Russian', 0, ''),
(171, 'IntegerNet_MagentoLocalized.csv', '%s language will be created automatically.', 0, ''),
(172, 'IntegerNet_MagentoLocalized.csv', 'Default Category', 0, ''),
(173, 'IntegerNet_MagentoLocalized.csv', 'Display Logo in Header', 0, ''),
(174, 'IntegerNet_MagentoLocalized.csv', 'Display Entry in Menu', 0, ''),
(175, 'IntegerNet_MagentoLocalized.csv', 'Display Block in Dashboard', 0, ''),
(176, 'IntegerNet_MagentoLocalized.csv', 'optional', 0, ''),
(177, 'IntegerNet_MagentoLocalized.csv', 'Dashboard', 0, ''),
(178, 'IntegerNet_MagentoLocalized.csv', 'Partners', 0, ''),
(179, 'IntegerNet_MagentoLocalized.csv', 'Recommendations', 0, ''),
(180, 'IntegerNet_MagentoLocalized.csv', 'Integrated Modules', 0, ''),
(181, 'IntegerNet_MagentoLocalized.csv', 'Install the following modules:', 0, ''),
(182, 'IntegerNet_MagentoLocalized.csv', 'Click for more information in a new window', 0, ''),
(183, 'IntegerNet_MagentoLocalized.csv', 'Don''t install additional modules', 0, ''),
(184, 'IntegerNet_MagentoLocalized.csv', 'Install default modules', 0, ''),
(185, 'IntegerNet_MagentoLocalized.csv', 'Choose which modules you want to install (Advanced Mode)', 0, ''),
(186, 'IntegerNet_MagentoLocalized.csv', 'Successfully updated module %s.', 0, ''),
(187, 'IntegerNet_MagentoLocalized.csv', 'Help to improve %s - data transfer', 0, ''),
(188, 'IntegerNet_MagentoLocalized.csv', 'The Localized Magento Editions (LME) are a project by the Community for the Community. The editions were created to make the start into Magento as simple as possible. The project was initiated by the Netresearch App Factory. With integer_net there are experienced and dedicated developers for the lead of implementationin the team, who have integrated the most important and best exensions together with the Community.', 0, ''),
(189, 'IntegerNet_MagentoLocalized.csv', 'To track the distribution of the Localized Magento Editions, the system transmits requests with an identifier of the partner, through whom you purchased the system. You can find the responsible file under %s. It will not involve the collection of any user-related data.', 0, ''),
(190, 'IntegerNet_MagentoLocalized.csv', 'With your consent, the transmission of usage and contact information by the Edition you can help developers and community partners actively to track the distribution of the Localized Magento Editions to develop the installation furhter and to continually improve it. Thus you and other merchants benefit from a current and attractive system and from the regular adjustments.', 0, ''),
(191, 'IntegerNet_MagentoLocalized.csv', 'Of course, you can decide yourself which amount of data for transmission you want to allow to be sent how much you want to support the further developement. The project is generally only interested in information about the use of the installation and if necessary in contact details from your official imprint. There will not be any further collection of data.', 0, ''),
(192, 'IntegerNet_MagentoLocalized.csv', 'Thanks in advance for your help.', 0, ''),
(193, 'IntegerNet_MagentoLocalized.csv', 'I don''t want any further transfer of data.', 0, ''),
(194, 'IntegerNet_MagentoLocalized.csv', 'See data of the transmission', 0, ''),
(195, 'IntegerNet_MagentoLocalized.csv', 'I help to observe the distribution of the Localized Magento Editions and want to benefit from the exclusive offerings of NR App Factory & your partners.', 0, ''),
(196, 'IntegerNet_MagentoLocalized.csv', 'This could be your exclusive offers', 0, ''),
(197, 'IntegerNet_MagentoLocalized.csv', 'Offers could be for example:', 0, ''),
(198, 'IntegerNet_MagentoLocalized.csv', 'Special conditions when purchasing extensions or services from the NAF store nr.apps.com', 0, ''),
(199, 'IntegerNet_MagentoLocalized.csv', 'Purchase options and special conditions for Magento event tickes, e.g. Meet Magento or Developers Paradise', 0, ''),
(200, 'IntegerNet_MagentoLocalized.csv', 'Purchase options and special conditions for Magento education tickets, e.g. NR Campus', 0, ''),
(201, 'IntegerNet_MagentoLocalized.csv', 'Showing your shop name and a link to your domain on nr-apps.com', 0, ''),
(202, 'IntegerNet_MagentoLocalized.csv', 'and many more', 0, ''),
(203, 'IntegerNet_MagentoLocalized.csv', 'For your personal offers and information about %s, please see the newsfeed of your system.', 0, ''),
(204, 'IntegerNet_MagentoLocalized.csv', 'I hereby agree that contact information are transmitted to verify the reach of the Localized Magento Editions and actively support the project.', 0, ''),
(205, 'IntegerNet_MagentoLocalized.csv', 'Server IP', 0, ''),
(206, 'IntegerNet_MagentoLocalized.csv', 'Transfer date', 0, ''),
(207, 'IntegerNet_MagentoLocalized.csv', 'Magento version', 0, ''),
(208, 'IntegerNet_MagentoLocalized.csv', 'Contact information: Store name, company, address, postal code, city, country, telephone, fax, email, website, CEO, owner', 0, ''),
(209, 'IntegerNet_MagentoLocalized.csv', 'For more information about privacy, click <a href="%s" target="_blank">here</a>.', 0, ''),
(210, 'IntegerNet_MagentoLocalized.csv', 'News cannot be displayed at the moment. Please try again later.', 0, ''),
(211, 'IntegerNet_MagentoLocalized.csv', 'Store "%s" already exists.', 0, ''),
(212, 'IntegerNet_MagentoLocalized.csv', 'FireGento German Setup', 0, ''),
(213, 'IntegerNet_MagentoLocalized.csv', 'Extension Setup', 0, ''),
(214, 'IntegerNet_MagentoLocalized.csv', 'Tax Settings', 0, ''),
(215, 'IntegerNet_MagentoLocalized.csv', 'Checkout Agreements', 0, ''),
(216, 'IntegerNet_MagentoLocalized.csv', 'FireGento PDF', 0, ''),
(217, 'IntegerNet_MagentoLocalized.csv', 'Autoshipping', 0, ''),
(218, 'IntegerNet_MagentoLocalized.csv', 'Cash On Delivery', 0, ''),
(219, 'IntegerNet_MagentoLocalized.csv', 'Debit', 0, ''),
(220, 'IntegerNet_MagentoLocalized.csv', 'Bank Data Setup', 0, ''),
(221, 'IntegerNet_MagentoLocalized.csv', 'Remove Customer Account Links', 0, ''),
(222, 'IntegerNet_MagentoLocalized.csv', 'Configuration', 0, ''),
(223, 'IntegerNet_MagentoLocalized.csv', 'Display Copyright Notice in Imprint', 0, ''),
(224, 'IntegerNet_MagentoLocalized.csv', '<a href="%s" target="_blank">%s</a> is a project of the Magento community', 0, ''),
(225, 'IntegerNet_MagentoLocalized.csv', 'powered by', 0, ''),
(226, 'IntegerNet_MagentoLocalized.csv', 'Phoenix_CashOnDelivery::You will be charged an extra fee of %s.', 0, ''),
(227, 'IntegerNet_MagentoLocalized.csv', 'This could take a little while', 0, ''),
(228, 'IntegerNet_MagentoLocalized.csv', 'Country Selection', 0, ''),
(229, 'IntegerNet_MagentoLocalized.csv', 'Please go to Backend now in order to complete the preconfiguration.', 0, ''),
(230, 'IntegerNet_MagentoLocalized.csv', 'Next Page', 0, ''),
(231, 'IntegerNet_MagentoLocalized.csv', 'Previous Page', 0, ''),
(232, 'IntegerNet_MagentoLocalized.csv', 'Setup %s', 0, ''),
(233, 'IntegerNet_MagentoLocalized.csv', '%s Setup', 0, ''),
(234, 'IntegerNet_MagentoLocalized.csv', 'Page %s of %s', 0, ''),
(235, 'IntegerNet_MagentoLocalized.csv', 'Languages, Modules, Datatransfer', 0, ''),
(236, 'IntegerNet_MagentoLocalized.csv', 'Modules, Datatransfer', 0, ''),
(237, 'IntegerNet_MagentoLocalized.csv', 'An error occured. Please provide write access to the whole Magento directory and all subdirectories.', 0, ''),
(238, 'IntegerNet_MagentoLocalized.csv', 'Please note:', 0, ''),
(239, 'IntegerNet_MagentoLocalized.csv', 'By clicking on the button "Continue" you will start the installation of the Localized Magento Edition %s. This process runs in the background.', 0, ''),
(240, 'IntegerNet_MagentoLocalized.csv', 'Please be patient. The installation may take up to 5 minutes.', 0, ''),
(241, 'IntegerNet_MagentoLocalized.csv', 'Please keep your browser open. DO NOT RELOAD the page before completion of the process.', 0, ''),
(242, 'IntegerNet_MagentoLocalized.csv', 'Please fill in your details on the company as fully as possible.', 0, ''),
(243, 'IntegerNet_MagentoLocalized.csv', 'You may need this for the general information requirements, terms and conditions, revocation rules or some payment methods.', 0, ''),
(244, 'IntegerNet_MagentoLocalized.csv', 'You can edit or complete all data at any time. You will reach this details over', 0, ''),
(245, 'IntegerNet_MagentoLocalized.csv', '%s &gt; Configuration', 0, ''),
(246, 'IntegerNet_MagentoLocalized.csv', 'System &gt; Configuration &gt; General: Imprint', 0, ''),
(247, 'IntegerNet_MagentoLocalized.csv', 'Support Center', 0, ''),
(248, 'IntegerNet_MagentoLocalizedEbay.csv', 'Install BillSAFE module', 0, ''),
(249, 'IntegerNet_MagentoLocalizedEbay.csv', 'Activate BillSAFE payment', 0, ''),
(250, 'IntegerNet_MagentoLocalizedEbay.csv', 'Test mode (sandbox) for BillSAFE payment', 0, ''),
(251, 'IntegerNet_MagentoLocalizedEbay.csv', 'Merchant ID', 0, ''),
(252, 'IntegerNet_MagentoLocalizedEbay.csv', 'License Key', 0, ''),
(253, 'IntegerNet_MagentoLocalizedEbay.csv', 'You can find this by logging in to the <a href="%s" target="_blank">BillSAFE payment backend</a>.', 0, ''),
(254, 'IntegerNet_MagentoLocalizedEbay.csv', 'Activate BillSAFE installment payment', 0, ''),
(255, 'IntegerNet_MagentoLocalizedEbay.csv', 'Test mode (sandbox) for BillSAFE installment payment', 0, ''),
(256, 'IntegerNet_MagentoLocalizedEbay.csv', 'BillSAFE is the secure invoice payment service from PayPal.', 0, ''),
(257, 'IntegerNet_MagentoLocalizedEbay.csv', 'BillSAFE is the secure invoice payment service from PayPal. Klick here to get more info or register now.', 0, ''),
(258, 'IntegerNet_MagentoLocalizedEbay.csv', 'Register here now!', 0, ''),
(259, 'IntegerNet_MagentoLocalizedEbay.csv', 'What is BillSAFE?', 0, ''),
(260, 'IntegerNet_MagentoLocalizedEbay.csv', 'Activate PayPal Express payment', 0, ''),
(261, 'IntegerNet_MagentoLocalizedEbay.csv', 'Test mode (sandbox) for PayPal payment', 0, ''),
(262, 'IntegerNet_MagentoLocalizedEbay.csv', 'IntegerNet_MagentoLocalizedEbay::Email Associated with PayPal Merchant Account', 0, ''),
(263, 'IntegerNet_MagentoLocalizedEbay.csv', 'Setup of PayPal, BillSAFE and M2E', 0, ''),
(264, 'IntegerNet_MagentoLocalizedEbay.csv', 'Setup of modules powered by ebay', 0, ''),
(265, 'IntegerNet_MagentoLocalizedEbay.csv', 'IntegerNet_MagentoLocalizedEbay::What is PayPal? Click for more info or to register.', 0, ''),
(266, 'IntegerNet_MagentoLocalizedEbay.csv', 'Please enter the e-mail address of your PayPal merchant account.', 0, ''),
(267, 'IntegerNet_MagentoLocalizedEbay.csv', 'The information on setting the PayPal API you will find in your PayPal merchant account under the menu item PayPal &gt; My account &gt; My profile &gt; Merchant &gt; <a href="%s" target="_blank">API access</a>.', 0, ''),
(268, 'IntegerNet_MagentoLocalizedEbay.csv', 'You have any further questions about your merchant account? <a href="%s" target="_blank">Please click here</a>.', 0, ''),
(269, 'IntegerNet_MagentoLocalizedEbay.csv', 'You have the option to make further settings for PayPal after you finished the setup here.', 0, ''),
(270, 'IntegerNet_MagentoLocalizedEbay.csv', 'Install M2E module', 0, ''),
(271, 'IntegerNet_MagentoLocalizedEbay.csv', 'M2E Pro is installed, but not configured yet. Click <a href="%s">here</a> to start the wizard.', 0, ''),
(272, 'IntegerNet_MagentoLocalizedEbay.csv', 'What is M2E Pro?', 0, ''),
(273, 'IntegerNet_MagentoLocalizedEbay.csv', 'Configure PayPal Express', 0, ''),
(274, 'IntegerNet_MagentoLocalizedEbay.csv', 'Configure BillSAFE', 0, ''),
(275, 'IntegerNet_MagentoLocalizedEbay.csv', 'Install BillSAFE', 0, ''),
(276, 'IntegerNet_MagentoLocalizedEbay.csv', 'The BillSAFE module is not installed yet.', 0, ''),
(277, 'IntegerNet_MagentoLocalizedEbay.csv', 'Configure M2E Pro', 0, ''),
(278, 'IntegerNet_MagentoLocalizedEbay.csv', 'Install M2E Pro', 0, ''),
(279, 'IntegerNet_MagentoLocalizedEbay.csv', 'The M2E Pro module is not installed yet.', 0, ''),
(280, 'IntegerNet_MagentoLocalizedEbay.csv', 'Install now', 0, ''),
(281, 'IntegerNet_MagentoLocalizedEbay.csv', 'You have successfully activated PayPal payment. Anytime you have the possibility to select advanced settings <a href="%s">here</a>.', 0, ''),
(282, 'IntegerNet_MagentoLocalizedEbay.csv', 'IntegerNet_MagentoLocalizedEbay::No', 0, ''),
(283, 'IntegerNet_MagentoLocalizedEbay.csv', 'IntegerNet_MagentoLocalizedEbay::Yes', 0, '');

--
-- Constraints for dumped tables
--

--
-- Constraints for table `translation`
--
ALTER TABLE `translation`
  ADD CONSTRAINT `FK_base_translation` FOREIGN KEY (`base_id`) REFERENCES `translation_base` (`base_id`),
  ADD CONSTRAINT `translation_ibfk_1` FOREIGN KEY (`base_id`) REFERENCES `translation_base` (`base_id`) ON DELETE CASCADE ON UPDATE CASCADE;

/*!40101 SET CHARACTER_SET_CLIENT=@OLD_CHARACTER_SET_CLIENT */;
/*!40101 SET CHARACTER_SET_RESULTS=@OLD_CHARACTER_SET_RESULTS */;
/*!40101 SET COLLATION_CONNECTION=@OLD_COLLATION_CONNECTION */;
